[{"pk": 1, "fields": {"app_label": "admin", "model": "logentry"}, "model": "contenttypes.contenttype"}, {"pk": 2, "fields": {"app_label": "auth", "model": "permission"}, "model": "contenttypes.contenttype"}, {"pk": 3, "fields": {"app_label": "auth", "model": "group"}, "model": "contenttypes.contenttype"}, {"pk": 4, "fields": {"app_label": "auth", "model": "user"}, "model": "contenttypes.contenttype"}, {"pk": 5, "fields": {"app_label": "contenttypes", "model": "contenttype"}, "model": "contenttypes.contenttype"}, {"pk": 6, "fields": {"app_label": "sessions", "model": "session"}, "model": "contenttypes.contenttype"}, {"pk": 7, "fields": {"app_label": "main", "model": "famille"}, "model": "contenttypes.contenttype"}, {"pk": 8, "fields": {"app_label": "main", "model": "planche"}, "model": "contenttypes.contenttype"}, {"pk": 9, "fields": {"app_label": "main", "model": "variete"}, "model": "contenttypes.contenttype"}, {"pk": 10, "fields": {"app_label": "main", "model": "production"}, "model": "contenttypes.contenttype"}, {"pk": 11, "fields": {"app_label": "main", "model": "plant"}, "model": "contenttypes.contenttype"}, {"pk": 12, "fields": {"app_label": "main", "model": "evenement"}, "model": "contenttypes.contenttype"}, {"pk": 1, "fields": {"nom": "amaryllidac\u00e9e"}, "model": "main.famille"}, {"pk": 2, "fields": {"nom": "ast\u00e9rac\u00e9e"}, "model": "main.famille"}, {"pk": 3, "fields": {"nom": "solanac\u00e9e"}, "model": "main.famille"}, {"pk": 4, "fields": {"nom": "ch\u00e9nopodiac\u00e9e"}, "model": "main.famille"}, {"pk": 5, "fields": {"nom": "poac\u00e9e"}, "model": "main.famille"}, {"pk": 6, "fields": {"nom": "apiac\u00e9e"}, "model": "main.famille"}, {"pk": 7, "fields": {"nom": "brassicac\u00e9e"}, "model": "main.famille"}, {"pk": 8, "fields": {"nom": "cucurbitac\u00e9e"}, "model": "main.famille"}, {"pk": 9, "fields": {"nom": "fabac\u00e9e"}, "model": "main.famille"}, {"pk": 10, "fields": {"nom": "lamiac\u00e9e"}, "model": "main.famille"}, {"pk": 1, "fields": {"num": 0, "bSerre": false, "nom": "PLANCHE VIRTUELLE", "largeur_cm": 100, "longueur_m": 10000}, "model": "main.planche"}, {"pk": 2, "fields": {"num": 1, "bSerre": false, "nom": "planche1", "largeur_cm": 100, "longueur_m": 100}, "model": "main.planche"}, {"pk": 3, "fields": {"num": 2, "bSerre": false, "nom": "planche2", "largeur_cm": 100, "longueur_m": 60}, "model": "main.planche"}, {"pk": 4, "fields": {"num": 0, "bSerre": false, "nom": "PLANCHE VIRTUELLE", "largeur_cm": 100, "longueur_m": 10000}, "model": "main.planche"}, {"pk": 5, "fields": {"num": 1, "bSerre": false, "nom": "planche1", "largeur_cm": 100, "longueur_m": 100}, "model": "main.planche"}, {"pk": 6, "fields": {"num": 2, "bSerre": false, "nom": "planche2", "largeur_cm": 100, "longueur_m": 60}, "model": "main.planche"}, {"pk": 7, "fields": {"num": 0, "bSerre": false, "nom": "PLANCHE VIRTUELLE", "largeur_cm": 100, "longueur_m": 10000}, "model": "main.planche"}, {"pk": 8, "fields": {"num": 1, "bSerre": false, "nom": "planche1", "largeur_cm": 100, "longueur_m": 100}, "model": "main.planche"}, {"pk": 9, "fields": {"num": 2, "bSerre": false, "nom": "planche2", "largeur_cm": 100, "longueur_m": 60}, "model": "main.planche"}, {"pk": 1, "fields": {"intra_rang_cm": 10, "prod_hebdo_moy_g": "100,100,100", "avec": [4, 36, 8, 14, 15, 39, 68, 69, 37, 20, 38, 41, 31, 26, 40, 30], "nom": "ail", "duree_avant_recolte_j": 120, "date_max_plantation": "20/05", "famille": 1, "sans": [43, 50, 53, 35, 34, 84, 87, 42], "rendementPlantsGraines": 2.0, "date_min_plantation": "20/03", "unite_prod": 1}, "model": "main.variete"}, {"pk": 2, "fields": {"intra_rang_cm": 10, "prod_hebdo_moy_g": "300", "avec": [43, 38], "nom": "artichaut", "duree_avant_recolte_j": 100, "date_max_plantation": "20/05", "famille": 2, "sans": [], "rendementPlantsGraines": 2.0, "date_min_plantation": "20/03", "unite_prod": 2}, "model": "main.variete"}, {"pk": 3, "fields": {"intra_rang_cm": 10, "prod_hebdo_moy_g": "900", "avec": [83, 47, 34, 84, 45, 46, 42, 33, 30], "nom": "aubergine", "duree_avant_recolte_j": 100, "date_max_plantation": "20/05", "famille": 3, "sans": [44, 31], "rendementPlantsGraines": 2.0, "date_min_plantation": "20/03", "unite_prod": 2}, "model": "main.variete"}, {"pk": 4, "fields": {"intra_rang_cm": 10, "prod_hebdo_moy_g": "120,120", "avec": [1, 50, 12, 52, 53, 39, 68, 38, 44, 24, 26], "nom": "betterave", "duree_avant_recolte_j": 60, "date_max_plantation": "20/05", "famille": 4, "sans": [43, 8, 83, 20, 34, 51, 84, 67, 30], "rendementPlantsGraines": 2.0, "date_min_plantation": "20/03", "unite_prod": 1}, "model": "main.variete"}, {"pk": 5, "fields": {"intra_rang_cm": 10, "prod_hebdo_moy_g": "", "avec": [], "nom": "bl\u00e9 tendre", "duree_avant_recolte_j": 0, "date_max_plantation": "", "famille": 5, "sans": [], "rendementPlantsGraines": 2.0, "date_min_plantation": "", "unite_prod": 1}, "model": "main.variete"}, {"pk": 6, "fields": {"intra_rang_cm": 10, "prod_hebdo_moy_g": "", "avec": [], "nom": "bl\u00e9 dur", "duree_avant_recolte_j": 0, "date_max_plantation": "", "famille": 5, "sans": [], "rendementPlantsGraines": 2.0, "date_min_plantation": "", "unite_prod": 1}, "model": "main.variete"}, {"pk": 7, "fields": {"intra_rang_cm": 10, "prod_hebdo_moy_g": "", "avec": [], "nom": "blette", "duree_avant_recolte_j": 0, "date_max_plantation": "", "famille": 4, "sans": [], "rendementPlantsGraines": 2.0, "date_min_plantation": "", "unite_prod": 1}, "model": "main.variete"}, {"pk": 8, "fields": {"intra_rang_cm": 10, "prod_hebdo_moy_g": "45,45,45", "avec": [1, 62, 13, 20, 34, 61, 84, 38, 44, 64, 45, 46, 24, 42, 26, 60, 56, 30, 63, 19], "nom": "carotte", "duree_avant_recolte_j": 90, "date_max_plantation": "20/05", "famille": 6, "sans": [54, 4, 68, 69], "rendementPlantsGraines": 2.0, "date_min_plantation": "20/03", "unite_prod": 1}, "model": "main.variete"}, {"pk": 9, "fields": {"intra_rang_cm": 10, "prod_hebdo_moy_g": "450", "avec": [], "nom": "chou brocoli", "duree_avant_recolte_j": 150, "date_max_plantation": "20/05", "famille": 7, "sans": [], "rendementPlantsGraines": 2.0, "date_min_plantation": "20/03", "unite_prod": 2}, "model": "main.variete"}, {"pk": 10, "fields": {"intra_rang_cm": 10, "prod_hebdo_moy_g": "", "avec": [], "nom": "chou pointu", "duree_avant_recolte_j": 0, "date_max_plantation": "", "famille": 7, "sans": [], "rendementPlantsGraines": 2.0, "date_min_plantation": "", "unite_prod": 2}, "model": "main.variete"}, {"pk": 11, "fields": {"intra_rang_cm": 10, "prod_hebdo_moy_g": "1500", "avec": [], "nom": "chou fleur", "duree_avant_recolte_j": 150, "date_max_plantation": "20/05", "famille": 7, "sans": [], "rendementPlantsGraines": 2.0, "date_min_plantation": "20/03", "unite_prod": 2}, "model": "main.variete"}, {"pk": 12, "fields": {"intra_rang_cm": 10, "prod_hebdo_moy_g": "", "avec": [54, 4, 59, 39, 20, 34, 73, 38, 58, 31, 60, 56], "nom": "chou de bruxelles", "duree_avant_recolte_j": 0, "date_max_plantation": "", "famille": 7, "sans": [37, 42, 72], "rendementPlantsGraines": 2.0, "date_min_plantation": "", "unite_prod": 1}, "model": "main.variete"}, {"pk": 13, "fields": {"intra_rang_cm": 10, "prod_hebdo_moy_g": "100", "avec": [8], "nom": "ciboulette", "duree_avant_recolte_j": 50, "date_max_plantation": "20/5", "famille": 1, "sans": [20, 34, 42], "rendementPlantsGraines": 2.0, "date_min_plantation": "20/4", "unite_prod": 1}, "model": "main.variete"}, {"pk": 14, "fields": {"intra_rang_cm": 10, "prod_hebdo_moy_g": "", "avec": [1, 54, 55, 50, 52, 53, 35, 39, 68, 69, 83, 65, 20, 34, 84, 38, 67, 44, 42, 26, 78], "nom": "concombre", "duree_avant_recolte_j": 0, "date_max_plantation": "", "famille": 8, "sans": [79, 31, 56, 30], "rendementPlantsGraines": 2.0, "date_min_plantation": "", "unite_prod": 2}, "model": "main.variete"}, {"pk": 15, "fields": {"intra_rang_cm": 10, "prod_hebdo_moy_g": "", "avec": [1, 54, 50, 52, 53, 35, 68, 69, 65, 34, 84, 38, 67, 44, 42, 78], "nom": "cornichon", "duree_avant_recolte_j": 0, "date_max_plantation": "", "famille": 8, "sans": [79, 31, 30], "rendementPlantsGraines": 2.0, "date_min_plantation": "", "unite_prod": 1}, "model": "main.variete"}, {"pk": 16, "fields": {"intra_rang_cm": 10, "prod_hebdo_moy_g": "1,1,1,1,1", "avec": [81, 58, 42, 31, 26], "nom": "courgette", "duree_avant_recolte_j": 60, "date_max_plantation": "20/5", "famille": 8, "sans": [52, 31], "rendementPlantsGraines": 2.0, "date_min_plantation": "20/4", "unite_prod": 2}, "model": "main.variete"}, {"pk": 17, "fields": {"intra_rang_cm": 10, "prod_hebdo_moy_g": "100", "avec": [], "nom": "\u00e9chalotte", "duree_avant_recolte_j": 180, "date_max_plantation": "1/11", "famille": 1, "sans": [], "rendementPlantsGraines": 2.0, "date_min_plantation": "1/10", "unite_prod": 1}, "model": "main.variete"}, {"pk": 18, "fields": {"intra_rang_cm": 10, "prod_hebdo_moy_g": "", "avec": [], "nom": "\u00e9peautre", "duree_avant_recolte_j": 0, "date_max_plantation": "", "famille": 5, "sans": [], "rendementPlantsGraines": 2.0, "date_min_plantation": "", "unite_prod": 1}, "model": "main.variete"}, {"pk": 19, "fields": {"intra_rang_cm": 10, "prod_hebdo_moy_g": "", "avec": [8, 68, 69, 34, 84, 24, 42], "nom": "\u00e9pinard", "duree_avant_recolte_j": 0, "date_max_plantation": "", "famille": 4, "sans": [38, 31], "rendementPlantsGraines": 2.0, "date_min_plantation": "", "unite_prod": 1}, "model": "main.variete"}, {"pk": 20, "fields": {"intra_rang_cm": 10, "prod_hebdo_moy_g": "", "avec": [1, 55, 8, 50, 12, 52, 53, 77, 14, 66, 39, 83, 67, 42, 31, 26], "nom": "f\u00e8ve", "duree_avant_recolte_j": 0, "date_max_plantation": "", "famille": 9, "sans": [4, 13, 44, 24, 31], "rendementPlantsGraines": 2.0, "date_min_plantation": "", "unite_prod": 1}, "model": "main.variete"}, {"pk": 21, "fields": {"intra_rang_cm": 10, "prod_hebdo_moy_g": "", "avec": [], "nom": "haricots verts", "duree_avant_recolte_j": 60, "date_max_plantation": "", "famille": 9, "sans": [], "rendementPlantsGraines": 2.0, "date_min_plantation": "", "unite_prod": 1}, "model": "main.variete"}, {"pk": 22, "fields": {"intra_rang_cm": 10, "prod_hebdo_moy_g": "", "avec": [], "nom": "oignon blanc", "duree_avant_recolte_j": 0, "date_max_plantation": "", "famille": 1, "sans": [], "rendementPlantsGraines": 2.0, "date_min_plantation": "", "unite_prod": 1}, "model": "main.variete"}, {"pk": 23, "fields": {"intra_rang_cm": 10, "prod_hebdo_moy_g": "", "avec": [], "nom": "orge", "duree_avant_recolte_j": 0, "date_max_plantation": "", "famille": 5, "sans": [], "rendementPlantsGraines": 2.0, "date_min_plantation": "", "unite_prod": 1}, "model": "main.variete"}, {"pk": 24, "fields": {"intra_rang_cm": 10, "prod_hebdo_moy_g": "", "avec": [43, 4, 8, 39, 68, 69, 83, 37, 38, 75, 44, 45, 31, 30, 19], "nom": "poireau", "duree_avant_recolte_j": 0, "date_max_plantation": "", "famille": 1, "sans": [55, 50, 53, 35, 20, 34, 42], "rendementPlantsGraines": 2.0, "date_min_plantation": "", "unite_prod": 1}, "model": "main.variete"}, {"pk": 25, "fields": {"intra_rang_cm": 10, "prod_hebdo_moy_g": "", "avec": [65, 38, 67, 79, 31], "nom": "potiron", "duree_avant_recolte_j": 0, "date_max_plantation": "", "famille": 8, "sans": [31], "rendementPlantsGraines": 2.0, "date_min_plantation": "", "unite_prod": 2}, "model": "main.variete"}, {"pk": 26, "fields": {"intra_rang_cm": 10, "prod_hebdo_moy_g": "5,5", "avec": [1, 4, 8, 62, 50, 52, 53, 77, 14, 66, 16, 71, 68, 69, 83, 20, 34, 38, 58, 64, 45, 42, 31, 30], "nom": "radis", "duree_avant_recolte_j": 20, "date_max_plantation": "20/05", "famille": 7, "sans": [55, 50, 66, 73, 31, 72], "rendementPlantsGraines": 2.0, "date_min_plantation": "20/03", "unite_prod": 1}, "model": "main.variete"}, {"pk": 27, "fields": {"intra_rang_cm": 10, "prod_hebdo_moy_g": "250", "avec": [], "nom": "salade chicor\u00e9e", "duree_avant_recolte_j": 30, "date_max_plantation": "20/05", "famille": 2, "sans": [], "rendementPlantsGraines": 2.0, "date_min_plantation": "20/03", "unite_prod": 2}, "model": "main.variete"}, {"pk": 28, "fields": {"intra_rang_cm": 10, "prod_hebdo_moy_g": "", "avec": [], "nom": "sorgho", "duree_avant_recolte_j": 0, "date_max_plantation": "", "famille": 5, "sans": [], "rendementPlantsGraines": 2.0, "date_min_plantation": "", "unite_prod": 1}, "model": "main.variete"}, {"pk": 29, "fields": {"intra_rang_cm": 10, "prod_hebdo_moy_g": "", "avec": [], "nom": "seigle", "duree_avant_recolte_j": 0, "date_max_plantation": "", "famille": 5, "sans": [], "rendementPlantsGraines": 2.0, "date_min_plantation": "", "unite_prod": 1}, "model": "main.variete"}, {"pk": 30, "fields": {"intra_rang_cm": 10, "prod_hebdo_moy_g": "150,150,150,150,100,100", "avec": [1, 54, 43, 3, 48, 59, 8, 98, 39, 68, 69, 67, 58, 99, 44, 45, 46, 24, 42, 26, 60, 56, 97], "nom": "tomate", "duree_avant_recolte_j": 90, "date_max_plantation": "20/05", "famille": 3, "sans": [4, 50, 53, 14, 15, 83, 65, 34, 42, 31], "rendementPlantsGraines": 2.0, "date_min_plantation": "20/03", "unite_prod": 1}, "model": "main.variete"}, {"pk": 31, "fields": {"intra_rang_cm": 10, "prod_hebdo_moy_g": "", "avec": [1, 43, 55, 59, 50, 12, 52, 35, 80, 16, 39, 69, 20, 34, 84, 38, 67, 44, 24, 42, 25, 91, 26, 93, 60, 100, 94], "nom": "pomme de terre", "duree_avant_recolte_j": 0, "date_max_plantation": "", "famille": 3, "sans": [3, 77, 14, 15, 66, 16, 83, 96, 20, 44, 92, 25, 26, 30, 78, 19], "rendementPlantsGraines": 2.0, "date_min_plantation": "", "unite_prod": 1}, "model": "main.variete"}, {"pk": 32, "fields": {"intra_rang_cm": 10, "prod_hebdo_moy_g": "", "avec": [], "nom": "luzerne", "duree_avant_recolte_j": 0, "date_max_plantation": "", "famille": 9, "sans": [], "rendementPlantsGraines": 2.0, "date_min_plantation": "", "unite_prod": 1}, "model": "main.variete"}, {"pk": 33, "fields": {"intra_rang_cm": 10, "prod_hebdo_moy_g": "", "avec": [3, 50, 53, 37, 60], "nom": "thym", "duree_avant_recolte_j": 0, "date_max_plantation": "", "famille": 10, "sans": [], "rendementPlantsGraines": 2.0, "date_min_plantation": "", "unite_prod": 1}, "model": "main.variete"}, {"pk": 34, "fields": {"intra_rang_cm": 10, "prod_hebdo_moy_g": "0", "avec": [3, 48, 8, 12, 35, 14, 15, 39, 83, 37, 38, 67, 75, 42, 31, 26, 40, 19], "nom": "haricot", "duree_avant_recolte_j": 0, "date_max_plantation": "0/0", "famille": null, "sans": [1, 4, 13, 65, 44, 45, 24, 30, 63], "rendementPlantsGraines": 2.0, "date_min_plantation": "0/0", "unite_prod": 1}, "model": "main.variete"}, {"pk": 35, "fields": {"intra_rang_cm": 10, "prod_hebdo_moy_g": "0", "avec": [48, 14, 15, 83, 34, 84, 38, 58, 31, 60], "nom": "choux", "duree_avant_recolte_j": 0, "date_max_plantation": "0/0", "famille": null, "sans": [1, 65, 37, 24], "rendementPlantsGraines": 2.0, "date_min_plantation": "0/0", "unite_prod": 1}, "model": "main.variete"}, {"pk": 36, "fields": {"intra_rang_cm": 10, "prod_hebdo_moy_g": "0", "avec": [1, 55, 50, 52, 53, 44], "nom": "camomille", "duree_avant_recolte_j": 0, "date_max_plantation": "0/0", "famille": null, "sans": [], "rendementPlantsGraines": 2.0, "date_min_plantation": "0/0", "unite_prod": 1}, "model": "main.variete"}, {"pk": 37, "fields": {"intra_rang_cm": 10, "prod_hebdo_moy_g": "0", "avec": [1, 83, 34, 38, 44, 24, 33], "nom": "fraise", "duree_avant_recolte_j": 0, "date_max_plantation": "0/0", "famille": null, "sans": [55, 50, 12, 52, 53, 35], "rendementPlantsGraines": 2.0, "date_min_plantation": "0/0", "unite_prod": 1}, "model": "main.variete"}, {"pk": 38, "fields": {"intra_rang_cm": 10, "prod_hebdo_moy_g": "0", "avec": [1, 2, 4, 8, 50, 12, 52, 53, 35, 14, 15, 66, 83, 37, 34, 84, 87, 44, 24, 42, 31, 25, 26, 86], "nom": "laitue", "duree_avant_recolte_j": 0, "date_max_plantation": "0/0", "famille": null, "sans": [55, 67, 45, 78, 19], "rendementPlantsGraines": 2.0, "date_min_plantation": "0/0", "unite_prod": 1}, "model": "main.variete"}, {"pk": 39, "fields": {"intra_rang_cm": 10, "prod_hebdo_moy_g": "0", "avec": [1, 4, 55, 50, 12, 52, 14, 83, 65, 20, 34, 84, 24, 42, 31, 30], "nom": "c\u00e9leri", "duree_avant_recolte_j": 0, "date_max_plantation": "0/0", "famille": null, "sans": [67], "rendementPlantsGraines": 2.0, "date_min_plantation": "0/0", "unite_prod": 1}, "model": "main.variete"}, {"pk": 40, "fields": {"intra_rang_cm": 10, "prod_hebdo_moy_g": "0", "avec": [1, 50, 53, 34, 84, 44], "nom": "sarriette", "duree_avant_recolte_j": 0, "date_max_plantation": "0/0", "famille": null, "sans": [], "rendementPlantsGraines": 2.0, "date_min_plantation": "0/0", "unite_prod": 1}, "model": "main.variete"}, {"pk": 41, "fields": {"intra_rang_cm": 10, "prod_hebdo_moy_g": "0", "avec": [1], "nom": "pissenlit", "duree_avant_recolte_j": 0, "date_max_plantation": "0/0", "famille": null, "sans": [], "rendementPlantsGraines": 2.0, "date_min_plantation": "0/0", "unite_prod": 1}, "model": "main.variete"}, {"pk": 42, "fields": {"intra_rang_cm": 10, "prod_hebdo_moy_g": "0", "avec": [43, 3, 8, 50, 52, 53, 14, 15, 16, 39, 68, 69, 83, 20, 34, 38, 67, 58, 87, 31, 89, 26, 60, 30, 19], "nom": "pois", "duree_avant_recolte_j": 0, "date_max_plantation": "0/0", "famille": null, "sans": [1, 12, 13, 65, 44, 45, 24, 95, 90, 30, 63], "rendementPlantsGraines": 2.0, "date_min_plantation": "0/0", "unite_prod": 1}, "model": "main.variete"}, {"pk": 43, "fields": {"intra_rang_cm": 10, "prod_hebdo_moy_g": "0", "avec": [2, 65, 45, 24, 42, 31, 30], "nom": "asperge", "duree_avant_recolte_j": 0, "date_max_plantation": "0/0", "famille": null, "sans": [1, 4, 44], "rendementPlantsGraines": 2.0, "date_min_plantation": "0/0", "unite_prod": 1}, "model": "main.variete"}, {"pk": 44, "fields": {"intra_rang_cm": 10, "prod_hebdo_moy_g": "0", "avec": [49, 4, 55, 36, 8, 50, 52, 53, 14, 15, 83, 65, 37, 38, 46, 24, 31, 40, 30], "nom": "oignon", "duree_avant_recolte_j": 0, "date_max_plantation": "0/0", "famille": null, "sans": [43, 3, 50, 20, 34, 84, 42, 31], "rendementPlantsGraines": 2.0, "date_min_plantation": "0/0", "unite_prod": 1}, "model": "main.variete"}, {"pk": 45, "fields": {"intra_rang_cm": 10, "prod_hebdo_moy_g": "0", "avec": [43, 3, 8, 24, 26, 60, 30], "nom": "persil", "duree_avant_recolte_j": 0, "date_max_plantation": "0/0", "famille": null, "sans": [50, 68, 69, 34, 38, 42], "rendementPlantsGraines": 2.0, "date_min_plantation": "0/0", "unite_prod": 1}, "model": "main.variete"}, {"pk": 46, "fields": {"intra_rang_cm": 10, "prod_hebdo_moy_g": "0", "avec": [3, 48, 8, 88, 44, 57, 30], "nom": "piment", "duree_avant_recolte_j": 0, "date_max_plantation": "0/0", "famille": null, "sans": [65], "rendementPlantsGraines": 2.0, "date_min_plantation": "0/0", "unite_prod": 1}, "model": "main.variete"}, {"pk": 47, "fields": {"intra_rang_cm": 10, "prod_hebdo_moy_g": "0", "avec": [3], "nom": "estragon", "duree_avant_recolte_j": 0, "date_max_plantation": "0/0", "famille": null, "sans": [], "rendementPlantsGraines": 2.0, "date_min_plantation": "0/0", "unite_prod": 1}, "model": "main.variete"}, {"pk": 48, "fields": {"intra_rang_cm": 10, "prod_hebdo_moy_g": "0", "avec": [35, 66, 34, 46, 30], "nom": "basilic", "duree_avant_recolte_j": 0, "date_max_plantation": "0/0", "famille": null, "sans": [], "rendementPlantsGraines": 2.0, "date_min_plantation": "0/0", "unite_prod": 1}, "model": "main.variete"}, {"pk": 49, "fields": {"intra_rang_cm": 10, "prod_hebdo_moy_g": "0", "avec": [44], "nom": "bette \u00e0 carde", "duree_avant_recolte_j": 0, "date_max_plantation": "0/0", "famille": null, "sans": [], "rendementPlantsGraines": 2.0, "date_min_plantation": "0/0", "unite_prod": 1}, "model": "main.variete"}, {"pk": 50, "fields": {"intra_rang_cm": 10, "prod_hebdo_moy_g": "0", "avec": [54, 4, 55, 36, 59, 70, 14, 15, 71, 39, 68, 69, 20, 61, 73, 38, 58, 75, 44, 57, 64, 42, 31, 26, 60, 40, 56, 33], "nom": "chou", "duree_avant_recolte_j": 0, "date_max_plantation": "0/0", "famille": null, "sans": [1, 70, 65, 37, 44, 45, 24, 26, 30, 72, 63], "rendementPlantsGraines": 2.0, "date_min_plantation": "0/0", "unite_prod": 1}, "model": "main.variete"}, {"pk": 51, "fields": {"intra_rang_cm": 10, "prod_hebdo_moy_g": "0", "avec": [], "nom": "haricot grimpant", "duree_avant_recolte_j": 0, "date_max_plantation": "0/0", "famille": null, "sans": [4], "rendementPlantsGraines": 2.0, "date_min_plantation": "0/0", "unite_prod": 1}, "model": "main.variete"}, {"pk": 52, "fields": {"intra_rang_cm": 10, "prod_hebdo_moy_g": "0", "avec": [54, 4, 36, 59, 70, 14, 15, 71, 39, 68, 69, 20, 61, 73, 38, 58, 44, 64, 42, 31, 26, 60, 56], "nom": "chou-fleur", "duree_avant_recolte_j": 0, "date_max_plantation": "0/0", "famille": null, "sans": [70, 16, 37, 74, 72], "rendementPlantsGraines": 2.0, "date_min_plantation": "0/0", "unite_prod": 1}, "model": "main.variete"}, {"pk": 53, "fields": {"intra_rang_cm": 10, "prod_hebdo_moy_g": "0", "avec": [54, 4, 55, 36, 59, 70, 14, 15, 20, 61, 73, 38, 58, 75, 44, 57, 64, 42, 26, 60, 40, 56, 33], "nom": "chou-rave", "duree_avant_recolte_j": 0, "date_max_plantation": "0/0", "famille": null, "sans": [1, 70, 65, 37, 76, 24, 30, 72, 63], "rendementPlantsGraines": 2.0, "date_min_plantation": "0/0", "unite_prod": 1}, "model": "main.variete"}, {"pk": 54, "fields": {"intra_rang_cm": 10, "prod_hebdo_moy_g": "0", "avec": [55, 50, 12, 52, 53, 14, 15, 30], "nom": "aneth", "duree_avant_recolte_j": 0, "date_max_plantation": "0/0", "famille": null, "sans": [8, 64], "rendementPlantsGraines": 2.0, "date_min_plantation": "0/0", "unite_prod": 1}, "model": "main.variete"}, {"pk": 55, "fields": {"intra_rang_cm": 10, "prod_hebdo_moy_g": "0", "avec": [54, 36, 59, 50, 53, 14, 39, 20, 58, 44, 57, 31, 60, 56], "nom": "brocoli", "duree_avant_recolte_j": 0, "date_max_plantation": "0/0", "famille": null, "sans": [37, 38, 24, 26], "rendementPlantsGraines": 2.0, "date_min_plantation": "0/0", "unite_prod": 1}, "model": "main.variete"}, {"pk": 56, "fields": {"intra_rang_cm": 10, "prod_hebdo_moy_g": "0", "avec": [55, 8, 50, 12, 52, 53, 30], "nom": "sauge", "duree_avant_recolte_j": 0, "date_max_plantation": "0/0", "famille": null, "sans": [14], "rendementPlantsGraines": 2.0, "date_min_plantation": "0/0", "unite_prod": 1}, "model": "main.variete"}, {"pk": 57, "fields": {"intra_rang_cm": 10, "prod_hebdo_moy_g": "0", "avec": [55, 50, 53, 46], "nom": "origan", "duree_avant_recolte_j": 0, "date_max_plantation": "0/0", "famille": null, "sans": [], "rendementPlantsGraines": 2.0, "date_min_plantation": "0/0", "unite_prod": 1}, "model": "main.variete"}, {"pk": 58, "fields": {"intra_rang_cm": 10, "prod_hebdo_moy_g": "0", "avec": [55, 50, 12, 52, 53, 35, 77, 66, 16, 87, 42, 26, 30], "nom": "menthe", "duree_avant_recolte_j": 0, "date_max_plantation": "0/0", "famille": null, "sans": [67], "rendementPlantsGraines": 2.0, "date_min_plantation": "0/0", "unite_prod": 1}, "model": "main.variete"}, {"pk": 59, "fields": {"intra_rang_cm": 10, "prod_hebdo_moy_g": "0", "avec": [55, 50, 12, 52, 53, 77, 66, 31, 30], "nom": "capucine", "duree_avant_recolte_j": 0, "date_max_plantation": "0/0", "famille": null, "sans": [], "rendementPlantsGraines": 2.0, "date_min_plantation": "0/0", "unite_prod": 1}, "model": "main.variete"}, {"pk": 60, "fields": {"intra_rang_cm": 10, "prod_hebdo_moy_g": "0", "avec": [55, 8, 50, 12, 52, 53, 35, 65, 87, 45, 42, 31, 33, 30], "nom": "romarin", "duree_avant_recolte_j": 0, "date_max_plantation": "0/0", "famille": null, "sans": [67], "rendementPlantsGraines": 2.0, "date_min_plantation": "0/0", "unite_prod": 1}, "model": "main.variete"}, {"pk": 61, "fields": {"intra_rang_cm": 10, "prod_hebdo_moy_g": "0", "avec": [8, 50, 52, 53, 68, 69], "nom": "haricot nain", "duree_avant_recolte_j": 0, "date_max_plantation": "0/0", "famille": null, "sans": [], "rendementPlantsGraines": 2.0, "date_min_plantation": "0/0", "unite_prod": 1}, "model": "main.variete"}, {"pk": 62, "fields": {"intra_rang_cm": 10, "prod_hebdo_moy_g": "0", "avec": [8, 26], "nom": "cerfeuil", "duree_avant_recolte_j": 0, "date_max_plantation": "0/0", "famille": null, "sans": [], "rendementPlantsGraines": 2.0, "date_min_plantation": "0/0", "unite_prod": 1}, "model": "main.variete"}, {"pk": 63, "fields": {"intra_rang_cm": 10, "prod_hebdo_moy_g": "0", "avec": [8], "nom": "\u00e9chalote", "duree_avant_recolte_j": 0, "date_max_plantation": "0/0", "famille": null, "sans": [50, 53, 34, 84, 42], "rendementPlantsGraines": 2.0, "date_min_plantation": "0/0", "unite_prod": 1}, "model": "main.variete"}, {"pk": 64, "fields": {"intra_rang_cm": 10, "prod_hebdo_moy_g": "0", "avec": [8, 50, 52, 53, 26], "nom": "panais", "duree_avant_recolte_j": 0, "date_max_plantation": "0/0", "famille": null, "sans": [54], "rendementPlantsGraines": 2.0, "date_min_plantation": "0/0", "unite_prod": 1}, "model": "main.variete"}, {"pk": 65, "fields": {"intra_rang_cm": 10, "prod_hebdo_moy_g": "0", "avec": [43, 70, 14, 15, 66, 39, 68, 69, 44, 25, 60], "nom": "fenouil", "duree_avant_recolte_j": 0, "date_max_plantation": "0/0", "famille": null, "sans": [50, 53, 35, 34, 84, 46, 42, 30], "rendementPlantsGraines": 2.0, "date_min_plantation": "0/0", "unite_prod": 1}, "model": "main.variete"}, {"pk": 66, "fields": {"intra_rang_cm": 10, "prod_hebdo_moy_g": "0", "avec": [48, 59, 68, 69, 65, 20, 38, 67, 79, 58, 26], "nom": "courge", "duree_avant_recolte_j": 0, "date_max_plantation": "0/0", "famille": null, "sans": [31, 26], "rendementPlantsGraines": 2.0, "date_min_plantation": "0/0", "unite_prod": 1}, "model": "main.variete"}, {"pk": 67, "fields": {"intra_rang_cm": 10, "prod_hebdo_moy_g": "0", "avec": [77, 14, 15, 66, 83, 20, 34, 84, 79, 42, 31, 25, 30], "nom": "ma\u00efs", "duree_avant_recolte_j": 0, "date_max_plantation": "0/0", "famille": null, "sans": [4, 39, 68, 69, 38, 58, 60, 78], "rendementPlantsGraines": 2.0, "date_min_plantation": "0/0", "unite_prod": 1}, "model": "main.variete"}, {"pk": 68, "fields": {"intra_rang_cm": 10, "prod_hebdo_moy_g": "0", "avec": [1, 4, 50, 52, 14, 15, 66, 65, 61, 24, 42, 26, 30, 19], "nom": "c\u00e9leri \u00e0 c\u00f4tes", "duree_avant_recolte_j": 0, "date_max_plantation": "0/0", "famille": null, "sans": [8, 67, 45], "rendementPlantsGraines": 2.0, "date_min_plantation": "0/0", "unite_prod": 1}, "model": "main.variete"}, {"pk": 69, "fields": {"intra_rang_cm": 10, "prod_hebdo_moy_g": "0", "avec": [1, 50, 52, 14, 15, 66, 65, 61, 24, 42, 31, 26, 30, 19], "nom": "c\u00e9leri-rave", "duree_avant_recolte_j": 0, "date_max_plantation": "0/0", "famille": null, "sans": [8, 67, 45], "rendementPlantsGraines": 2.0, "date_min_plantation": "0/0", "unite_prod": 1}, "model": "main.variete"}, {"pk": 70, "fields": {"intra_rang_cm": 10, "prod_hebdo_moy_g": "0", "avec": [50, 52, 53, 65], "nom": "chicor\u00e9e", "duree_avant_recolte_j": 0, "date_max_plantation": "0/0", "famille": null, "sans": [50, 52, 53], "rendementPlantsGraines": 2.0, "date_min_plantation": "0/0", "unite_prod": 1}, "model": "main.variete"}, {"pk": 71, "fields": {"intra_rang_cm": 10, "prod_hebdo_moy_g": "0", "avec": [50, 52, 26], "nom": "cresson", "duree_avant_recolte_j": 0, "date_max_plantation": "0/0", "famille": null, "sans": [], "rendementPlantsGraines": 2.0, "date_min_plantation": "0/0", "unite_prod": 1}, "model": "main.variete"}, {"pk": 72, "fields": {"intra_rang_cm": 10, "prod_hebdo_moy_g": "0", "avec": [], "nom": "vigne", "duree_avant_recolte_j": 0, "date_max_plantation": "0/0", "famille": null, "sans": [50, 12, 52, 53, 26], "rendementPlantsGraines": 2.0, "date_min_plantation": "0/0", "unite_prod": 1}, "model": "main.variete"}, {"pk": 73, "fields": {"intra_rang_cm": 10, "prod_hebdo_moy_g": "0", "avec": [50, 12, 52, 53], "nom": "hysope", "duree_avant_recolte_j": 0, "date_max_plantation": "0/0", "famille": null, "sans": [26], "rendementPlantsGraines": 2.0, "date_min_plantation": "0/0", "unite_prod": 1}, "model": "main.variete"}, {"pk": 74, "fields": {"intra_rang_cm": 10, "prod_hebdo_moy_g": "0", "avec": [], "nom": "p\u00e2tisson", "duree_avant_recolte_j": 0, "date_max_plantation": "0/0", "famille": null, "sans": [52], "rendementPlantsGraines": 2.0, "date_min_plantation": "0/0", "unite_prod": 1}, "model": "main.variete"}, {"pk": 75, "fields": {"intra_rang_cm": 10, "prod_hebdo_moy_g": "0", "avec": [50, 53, 34, 24], "nom": "m\u00e2che", "duree_avant_recolte_j": 0, "date_max_plantation": "0/0", "famille": null, "sans": [], "rendementPlantsGraines": 2.0, "date_min_plantation": "0/0", "unite_prod": 1}, "model": "main.variete"}, {"pk": 76, "fields": {"intra_rang_cm": 10, "prod_hebdo_moy_g": "0", "avec": [], "nom": "haricot \u00e0 rames", "duree_avant_recolte_j": 0, "date_max_plantation": "0/0", "famille": null, "sans": [53], "rendementPlantsGraines": 2.0, "date_min_plantation": "0/0", "unite_prod": 1}, "model": "main.variete"}, {"pk": 77, "fields": {"intra_rang_cm": 10, "prod_hebdo_moy_g": "0", "avec": [59, 20, 67, 58, 26], "nom": "citrouille", "duree_avant_recolte_j": 0, "date_max_plantation": "0/0", "famille": null, "sans": [31], "rendementPlantsGraines": 2.0, "date_min_plantation": "0/0", "unite_prod": 1}, "model": "main.variete"}, {"pk": 78, "fields": {"intra_rang_cm": 10, "prod_hebdo_moy_g": "0", "avec": [14, 15, 79], "nom": "tournesol", "duree_avant_recolte_j": 0, "date_max_plantation": "0/0", "famille": null, "sans": [38, 67, 31], "rendementPlantsGraines": 2.0, "date_min_plantation": "0/0", "unite_prod": 1}, "model": "main.variete"}, {"pk": 79, "fields": {"intra_rang_cm": 10, "prod_hebdo_moy_g": "0", "avec": [66, 67, 25, 78], "nom": "melon", "duree_avant_recolte_j": 0, "date_max_plantation": "0/0", "famille": null, "sans": [14, 15], "rendementPlantsGraines": 2.0, "date_min_plantation": "0/0", "unite_prod": 1}, "model": "main.variete"}, {"pk": 80, "fields": {"intra_rang_cm": 10, "prod_hebdo_moy_g": "0", "avec": [31], "nom": "coriandre", "duree_avant_recolte_j": 0, "date_max_plantation": "0/0", "famille": null, "sans": [], "rendementPlantsGraines": 2.0, "date_min_plantation": "0/0", "unite_prod": 1}, "model": "main.variete"}, {"pk": 81, "fields": {"intra_rang_cm": 10, "prod_hebdo_moy_g": "0", "avec": [16], "nom": "haricots", "duree_avant_recolte_j": 0, "date_max_plantation": "0/0", "famille": null, "sans": [], "rendementPlantsGraines": 2.0, "date_min_plantation": "0/0", "unite_prod": 1}, "model": "main.variete"}, {"pk": 82, "fields": {"intra_rang_cm": 10, "prod_hebdo_moy_g": "0", "avec": [], "nom": "poivron", "duree_avant_recolte_j": 0, "date_max_plantation": "0/0", "famille": null, "sans": [83], "rendementPlantsGraines": 2.0, "date_min_plantation": "0/0", "unite_prod": 1}, "model": "main.variete"}, {"pk": 83, "fields": {"intra_rang_cm": 10, "prod_hebdo_moy_g": "0", "avec": [3, 35, 14, 39, 37, 20, 34, 38, 67, 44, 24, 42, 26], "nom": "epinard", "duree_avant_recolte_j": 0, "date_max_plantation": "0/0", "famille": null, "sans": [4, 82, 31, 30], "rendementPlantsGraines": 2.0, "date_min_plantation": "0/0", "unite_prod": 1}, "model": "main.variete"}, {"pk": 84, "fields": {"intra_rang_cm": 10, "prod_hebdo_moy_g": "0", "avec": [3, 8, 35, 14, 15, 39, 38, 67, 85, 31, 40, 19], "nom": "haricot rame", "duree_avant_recolte_j": 0, "date_max_plantation": "0/0", "famille": null, "sans": [1, 4, 65, 44, 63], "rendementPlantsGraines": 2.0, "date_min_plantation": "0/0", "unite_prod": 1}, "model": "main.variete"}, {"pk": 85, "fields": {"intra_rang_cm": 10, "prod_hebdo_moy_g": "0", "avec": [84], "nom": "pois senteur", "duree_avant_recolte_j": 0, "date_max_plantation": "0/0", "famille": null, "sans": [], "rendementPlantsGraines": 2.0, "date_min_plantation": "0/0", "unite_prod": 1}, "model": "main.variete"}, {"pk": 86, "fields": {"intra_rang_cm": 10, "prod_hebdo_moy_g": "0", "avec": [38], "nom": "tr\u00e8fle", "duree_avant_recolte_j": 0, "date_max_plantation": "0/0", "famille": null, "sans": [], "rendementPlantsGraines": 2.0, "date_min_plantation": "0/0", "unite_prod": 1}, "model": "main.variete"}, {"pk": 87, "fields": {"intra_rang_cm": 10, "prod_hebdo_moy_g": "0", "avec": [38, 58, 42, 60], "nom": "navet", "duree_avant_recolte_j": 0, "date_max_plantation": "0/0", "famille": null, "sans": [1], "rendementPlantsGraines": 2.0, "date_min_plantation": "0/0", "unite_prod": 1}, "model": "main.variete"}, {"pk": 88, "fields": {"intra_rang_cm": 10, "prod_hebdo_moy_g": "0", "avec": [46], "nom": "marjolaine", "duree_avant_recolte_j": 0, "date_max_plantation": "0/0", "famille": null, "sans": [], "rendementPlantsGraines": 2.0, "date_min_plantation": "0/0", "unite_prod": 1}, "model": "main.variete"}, {"pk": 89, "fields": {"intra_rang_cm": 10, "prod_hebdo_moy_g": "0", "avec": [42], "nom": "pomme de terre h\u00e2tive", "duree_avant_recolte_j": 0, "date_max_plantation": "0/0", "famille": null, "sans": [], "rendementPlantsGraines": 2.0, "date_min_plantation": "0/0", "unite_prod": 1}, "model": "main.variete"}, {"pk": 90, "fields": {"intra_rang_cm": 10, "prod_hebdo_moy_g": "0", "avec": [], "nom": "pommes de terre tardive", "duree_avant_recolte_j": 0, "date_max_plantation": "0/0", "famille": null, "sans": [42], "rendementPlantsGraines": 2.0, "date_min_plantation": "0/0", "unite_prod": 1}, "model": "main.variete"}, {"pk": 91, "fields": {"intra_rang_cm": 10, "prod_hebdo_moy_g": "0", "avec": [31], "nom": "p\u00e9tunia", "duree_avant_recolte_j": 0, "date_max_plantation": "0/0", "famille": null, "sans": [], "rendementPlantsGraines": 2.0, "date_min_plantation": "0/0", "unite_prod": 1}, "model": "main.variete"}, {"pk": 92, "fields": {"intra_rang_cm": 10, "prod_hebdo_moy_g": "0", "avec": [], "nom": "pommier", "duree_avant_recolte_j": 0, "date_max_plantation": "0/0", "famille": null, "sans": [31], "rendementPlantsGraines": 2.0, "date_min_plantation": "0/0", "unite_prod": 1}, "model": "main.variete"}, {"pk": 93, "fields": {"intra_rang_cm": 10, "prod_hebdo_moy_g": "0", "avec": [31], "nom": "raifort", "duree_avant_recolte_j": 0, "date_max_plantation": "0/0", "famille": null, "sans": [], "rendementPlantsGraines": 2.0, "date_min_plantation": "0/0", "unite_prod": 1}, "model": "main.variete"}, {"pk": 94, "fields": {"intra_rang_cm": 10, "prod_hebdo_moy_g": "0", "avec": [31], "nom": "\u0153illet d'inde", "duree_avant_recolte_j": 0, "date_max_plantation": "0/0", "famille": null, "sans": [], "rendementPlantsGraines": 2.0, "date_min_plantation": "0/0", "unite_prod": 1}, "model": "main.variete"}, {"pk": 95, "fields": {"intra_rang_cm": 10, "prod_hebdo_moy_g": "0", "avec": [], "nom": "pomme de terre tardive", "duree_avant_recolte_j": 0, "date_max_plantation": "0/0", "famille": null, "sans": [42], "rendementPlantsGraines": 2.0, "date_min_plantation": "0/0", "unite_prod": 1}, "model": "main.variete"}, {"pk": 96, "fields": {"intra_rang_cm": 10, "prod_hebdo_moy_g": "0", "avec": [], "nom": "framboisier", "duree_avant_recolte_j": 0, "date_max_plantation": "0/0", "famille": null, "sans": [31], "rendementPlantsGraines": 2.0, "date_min_plantation": "0/0", "unite_prod": 1}, "model": "main.variete"}, {"pk": 97, "fields": {"intra_rang_cm": 10, "prod_hebdo_moy_g": "0", "avec": [30], "nom": "souci", "duree_avant_recolte_j": 0, "date_max_plantation": "0/0", "famille": null, "sans": [], "rendementPlantsGraines": 2.0, "date_min_plantation": "0/0", "unite_prod": 1}, "model": "main.variete"}, {"pk": 98, "fields": {"intra_rang_cm": 10, "prod_hebdo_moy_g": "0", "avec": [30], "nom": "ciboulette chinoise", "duree_avant_recolte_j": 0, "date_max_plantation": "0/0", "famille": null, "sans": [], "rendementPlantsGraines": 2.0, "date_min_plantation": "0/0", "unite_prod": 1}, "model": "main.variete"}, {"pk": 99, "fields": {"intra_rang_cm": 10, "prod_hebdo_moy_g": "0", "avec": [30], "nom": "oeillet d'inde (tag\u00e8te)", "duree_avant_recolte_j": 0, "date_max_plantation": "0/0", "famille": null, "sans": [], "rendementPlantsGraines": 2.0, "date_min_plantation": "0/0", "unite_prod": 1}, "model": "main.variete"}, {"pk": 100, "fields": {"intra_rang_cm": 10, "prod_hebdo_moy_g": "0", "avec": [31], "nom": "topinambour", "duree_avant_recolte_j": 0, "date_max_plantation": "0/0", "famille": null, "sans": [], "rendementPlantsGraines": 2.0, "date_min_plantation": "0/0", "unite_prod": 1}, "model": "main.variete"}, {"pk": 1, "fields": {"name": "Can add log entry", "content_type": 1, "codename": "add_logentry"}, "model": "auth.permission"}, {"pk": 2, "fields": {"name": "Can change log entry", "content_type": 1, "codename": "change_logentry"}, "model": "auth.permission"}, {"pk": 3, "fields": {"name": "Can delete log entry", "content_type": 1, "codename": "delete_logentry"}, "model": "auth.permission"}, {"pk": 4, "fields": {"name": "Can add permission", "content_type": 2, "codename": "add_permission"}, "model": "auth.permission"}, {"pk": 5, "fields": {"name": "Can change permission", "content_type": 2, "codename": "change_permission"}, "model": "auth.permission"}, {"pk": 6, "fields": {"name": "Can delete permission", "content_type": 2, "codename": "delete_permission"}, "model": "auth.permission"}, {"pk": 7, "fields": {"name": "Can add group", "content_type": 3, "codename": "add_group"}, "model": "auth.permission"}, {"pk": 8, "fields": {"name": "Can change group", "content_type": 3, "codename": "change_group"}, "model": "auth.permission"}, {"pk": 9, "fields": {"name": "Can delete group", "content_type": 3, "codename": "delete_group"}, "model": "auth.permission"}, {"pk": 10, "fields": {"name": "Can add user", "content_type": 4, "codename": "add_user"}, "model": "auth.permission"}, {"pk": 11, "fields": {"name": "Can change user", "content_type": 4, "codename": "change_user"}, "model": "auth.permission"}, {"pk": 12, "fields": {"name": "Can delete user", "content_type": 4, "codename": "delete_user"}, "model": "auth.permission"}, {"pk": 13, "fields": {"name": "Can add content type", "content_type": 5, "codename": "add_contenttype"}, "model": "auth.permission"}, {"pk": 14, "fields": {"name": "Can change content type", "content_type": 5, "codename": "change_contenttype"}, "model": "auth.permission"}, {"pk": 15, "fields": {"name": "Can delete content type", "content_type": 5, "codename": "delete_contenttype"}, "model": "auth.permission"}, {"pk": 16, "fields": {"name": "Can add session", "content_type": 6, "codename": "add_session"}, "model": "auth.permission"}, {"pk": 17, "fields": {"name": "Can change session", "content_type": 6, "codename": "change_session"}, "model": "auth.permission"}, {"pk": 18, "fields": {"name": "Can delete session", "content_type": 6, "codename": "delete_session"}, "model": "auth.permission"}, {"pk": 19, "fields": {"name": "Can add famille", "content_type": 7, "codename": "add_famille"}, "model": "auth.permission"}, {"pk": 20, "fields": {"name": "Can change famille", "content_type": 7, "codename": "change_famille"}, "model": "auth.permission"}, {"pk": 21, "fields": {"name": "Can delete famille", "content_type": 7, "codename": "delete_famille"}, "model": "auth.permission"}, {"pk": 22, "fields": {"name": "Can add planche", "content_type": 8, "codename": "add_planche"}, "model": "auth.permission"}, {"pk": 23, "fields": {"name": "Can change planche", "content_type": 8, "codename": "change_planche"}, "model": "auth.permission"}, {"pk": 24, "fields": {"name": "Can delete planche", "content_type": 8, "codename": "delete_planche"}, "model": "auth.permission"}, {"pk": 25, "fields": {"name": "Can add variete", "content_type": 9, "codename": "add_variete"}, "model": "auth.permission"}, {"pk": 26, "fields": {"name": "Can change variete", "content_type": 9, "codename": "change_variete"}, "model": "auth.permission"}, {"pk": 27, "fields": {"name": "Can delete variete", "content_type": 9, "codename": "delete_variete"}, "model": "auth.permission"}, {"pk": 28, "fields": {"name": "Can add production", "content_type": 10, "codename": "add_production"}, "model": "auth.permission"}, {"pk": 29, "fields": {"name": "Can change production", "content_type": 10, "codename": "change_production"}, "model": "auth.permission"}, {"pk": 30, "fields": {"name": "Can delete production", "content_type": 10, "codename": "delete_production"}, "model": "auth.permission"}, {"pk": 31, "fields": {"name": "Can add Plant ou s\u00e9rie de plants", "content_type": 11, "codename": "add_plant"}, "model": "auth.permission"}, {"pk": 32, "fields": {"name": "Can change Plant ou s\u00e9rie de plants", "content_type": 11, "codename": "change_plant"}, "model": "auth.permission"}, {"pk": 33, "fields": {"name": "Can delete Plant ou s\u00e9rie de plants", "content_type": 11, "codename": "delete_plant"}, "model": "auth.permission"}, {"pk": 34, "fields": {"name": "Can add evenement", "content_type": 12, "codename": "add_evenement"}, "model": "auth.permission"}, {"pk": 35, "fields": {"name": "Can change evenement", "content_type": 12, "codename": "change_evenement"}, "model": "auth.permission"}, {"pk": 36, "fields": {"name": "Can delete evenement", "content_type": 12, "codename": "delete_evenement"}, "model": "auth.permission"}, {"pk": 1, "fields": {"first_name": "", "last_login": null, "date_joined": "2015-08-20T11:36:18.131Z", "user_permissions": [], "password": "pbkdf2_sha256$20000$kRXwBGjHq2yU$yCE6ZU1lUxzZi6r0cNDAkC+Jd3MhNeFNYbD9bfQYA38=", "is_superuser": true, "is_staff": true, "email": "", "username": "vincent", "groups": [], "last_name": "", "is_active": true}, "model": "auth.user"}]